[
    {
        "caption": "hello from my post 1",
        "photo": "F:\\425751823_3588125651452582_287507153334925702_n.jpg",
        "id": "P0",
        "authorId": "U1",
        "timestamp": "2024-12-06T22:29:42.399397500"
    },
    {
        "caption": "lk",
        "photo": "C:\\Users\\shero\\Pictures\\Screenshots\\Screenshot (35).png",
        "id": "P1",
        "authorId": "U4",
        "timestamp": "2024-12-06T22:29:42.399397500"
    },
    {
        "caption": "kjdjdj",
        "photo": "C:\\Users\\shero\\Pictures\\Screenshots\\Screenshot (34).png",
        "id": "P2",
        "authorId": "U4",
        "timestamp": "2024-12-06T22:29:42.396084"
    }
]